{
  "description": "版本表",
  "version": [
    {
      "range": [
        "1.21.130",
        "1.21.139"
      ],
      "format": {
        "server": "2.4.0",
        "server_ui": "2.0.0"
      },
      "beta": {
        "server": "2.5.0-beta",
        "server_ui": "2.1.0-beta"
      }
    },
    {
      "range": [
        "1.21.120",
        "1.21.129"
      ],
      "format": {
        "server": "2.3.0",
        "server_ui": "2.0.0"
      },
      "beta": {
        "server": "2.4.0-beta",
        "server_ui": "2.1.0-beta"
      }
    },
    {
      "range": [
        "1.21.110",
        "1.21.119"
      ],
      "format": {
        "server": "2.2.0",
        "server_ui": "2.0.0"
      },
      "beta": {
        "server": "2.3.0-beta",
        "server_ui": "2.1.0-beta"
      }
    },
    {
      "range": [
        "1.21.90",
        "1.21.109"
      ],
      "format": {
        "server": "2.1.0",
        "server_ui": "2.0.0"
      },
      "beta": {
        "server": "2.2.0-beta",
        "server_ui": "2.1.0-beta"
      }
    },
    {
      "range": [
        "1.21.70",
        "1.21.89"
      ],
      "format": {
        "server": "1.19.0",
        "server_ui": "1.3.0"
      },
      "beta": {
        "server": "2.0.0-beta",
        "server_ui": "2.0.0-beta"
      }
    },
    {
      "range": [
        "1.21.60",
        "1.21.69"
      ],
      "format": {
        "server": "1.17.0",
        "server_ui": "1.3.0"
      },
      "beta": {
        "server": "1.18.0-beta",
        "server_ui": "1.4.0-beta"
      }
    }
  ]
}